Workbook

Sheet Participants
A2: Titolo corso: Excel per l'analisi dei dati HR
A3: Durata: 25 ore
A4: Numero incontri: 5
A5: Formatore: Riccardo Lucchi
A6: Periodo: settembre-ottobre 2026
D7: PARTICIPANTS
A9: ID | B9: Nome | C9: Cognome | D9: Reparto | E9: Ruolo | F9: Data di assunzione | G9: Tipo contratto
A10: E001 | B10: Marco | C10: Verte | D10: IT | E10: IT Support Specialist | F10: 44844 | G10: Indeterminato
A11: E002 | B11: Luisa | C11: Sacchi | D11: Marketing | E11: Marketing Specialist | F11: 45692 | G11: Somministrazione
A12: E003 | B12: Enzo | C12: Fridano | D12: Customer Service | E12: Helpdesk Specialist | F12: 46175 | G12: Determinato
A13: E004 | B13: Luigi | C13: Mancusi | D13: Marketing | E13: Social Media Specialist | F13: 45665 | G13: Determinato
A14: E005 | B14: Sara | C14: Ginepri | D14: HR | E14: Talent Acquisition Specialist | F14: 46117 | G14: Somministrazione
A15: E006 | B15: Carlo | C15: Botta | D15: Logistica | E15: Logistics Coordinator | F15: 45630 | G15: Determinato
A16: E007 | B16: Franca | C16: Castelli | D16: HR | E16: Learning & Development Specialist | F16: 44535 | G16: Somministrazione
A17: E008 | B17: Miriam | C17: Marziano | D17: Sales | E17: Account Manager | F17: 44901 | G17: Determinato
A18: E009 | B18: Anna | C18: Verzi | D18: HR | E18: HR Administration Specialist | F18: 45267 | G18: Somministrazione
A19: E010 | B19: Karim | C19: Koraini | D19: Logistica | E19: Warehouse Coordinator | F19: 45634 | G19: Somministrazione
A20: E011 | B20: Alfredo | C20: Seppi | D20: HR | E20: Compensation & Benefits Specialist | F20: 46000 | G20: Indeterminato
A21: E012 | B21: Gianni | C21: Marchion | D21: Customer Service | E21: Customer Care Agent | F21: 44175 | G21: Somministrazione
... A29: E020 | B29: Stefano | C29: Roi | D29: HR | E29: Training Specialist | F29: 45644 | G29: Determinato

Sheet Training Attendance
C1: ATTENDANCE
A3: ID | B3: Partecipanti | C3: Incontro 1 | D3: Incontro 2 | E3: Incontro 3 | F3: Incontro 4 | G3: Incontro 5 | H3: Numero presenze | I3: Ore frequentate | J3: % Frequenza
A4: E001 | B4: Marco Verte | C4: 0 | D4: 1 | E4: 1 | F4: 1 | G4: 0 | H4: =SUM(C4:G4) -> 3 | I4: =H4*$O$7 -> 15 | J4: =I4/$O$8 -> 0.6 | M4: Presente=1 | O4: Assente=0
A5: E002 | B5: Luisa Sacchi | C5: 0 | D5: 1 | E5: 1 | F5: 1 | G5: 1 | H5: =SUM(C5:G5) -> 4 | I5: =H5*$O$7 -> 20 | J5: =I5/$O$8 -> 0.8
A6: E003 | B6: Enzo Fridano | C6: 1 | D6: 0 | E6: 1 | F6: 1 | G6: 1 | H6: =SUM(C6:G6) -> 4 | I6: =H6*$O$7 -> 20 | J6: =I6/$O$8 -> 0.8 | M6: Parametro | O6: Valore
A7: E004 | B7: Luigi Mancusi | C7: 1 | D7: 1 | E7: 1 | F7: 1 | G7: 1 | H7: =SUM(C7:G7) -> 5 | I7: =H7*$O$7 -> 25 | J7: =I7/$O$8 -> 1 | M7: Durata incontro (ore) | O7: 5
A8: E005 | B8: Sara Ginepri | C8: 0 | D8: 0 | E8: 1 | F8: 1 | G8: 1 | H8: =SUM(C8:G8) -> 3 | I8: =H8*$O$7 -> 15 | J8: =I8/$O$8 -> 0.6 | M8: Durata complessiva (ore) | O8: 25
A9: E006 | B9: Carlo Botta | C9: 1 | D9: 1 | E9: 1 | F9: 0 | G9: 1 | H9: =SUM(C9:G9) -> 4 | I9: =H9*$O$7 -> 20 | J9: =I9/$O$8 -> 0.8
A10: E007 | B10: Franca Castelli | C10: 1 | D10: 0 | E10: 1 | F10: 1 | G10: 1 | H10: =SUM(C10:G10) -> 4 | I10: =H10*$O$7 -> 20 | J10: =I10/$O$8 -> 0.8
A11: E008 | B11: Miriam Marziano | C11: 1 | D11: 1 | E11: 1 | F11: 1 | G11: 1 | H11: =SUM(C11:G11) -> 5 | I11: =H11*$O$7 -> 25 | J11: =I11/$O$8 -> 1
A12: E009 | B12: Anna Verzi | C12: 0 | D12: 1 | E12: 0 | F12: 1 | G12: 1 | H12: =SUM(C12:G12) -> 3 | I12: =H12*$O$7 -> 15 | J12: =I12/$O$8 -> 0.6
A13: E010 | B13: Karim Koraini | C13: 1 | D13: 0 | E13: 0 | F13: 1 | G13: 1 | H13: =SUM(C13:G13) -> 3 | I13: =H13*$O$7 -> 15 | J13: =I13/$O$8 -> 0.6
A14: E011 | B14: Alfredo Seppi | C14: 1 | D14: 1 | E14: 0 | F14: 1 | G14: 1 | H14: =SUM(C14:G14) -> 4 | I14: =H14*$O$7 -> 20 | J14: =I14/$O$8 -> 0.8
A15: E012 | B15: Gianni Marchion | C15: 1 | D15: 0 | E15: 1 | F15: 1 | G15: 1 | H15: =SUM(C15:G15) -> 4 | I15: =H15*$O$7 -> 20 | J15: =I15/$O$8 -> 0.8
A16: E013 | B16: Marina Severi | C16: 0 | D16: 0 | E16: 1 | F16: 1 | G16: 1 | H16: =SUM(C16:G16) -> 3 | I16: =H16*$O$7 -> 15 | J16: =I16/$O$8 -> 0.6
A17: E014 | B17: Saladini Marsala | C17: 1 | D17: 1 | E17: 0 | F17: 0 | G17: 0 | H17: =SUM(C17:G17) -> 2 | I17: =H17*$O$7 -> 10 | J17: =I17/$O$8 -> 0.4
A18: E015 | B18: Marfez Agrippa | C18: 0 | D18: 1 | E18: 0 | F18: 1 | G18: 1 | H18: =SUM(C18:G18) -> 3 | I18: =H18*$O$7 -> 15 | J18: =I18/$O$8 -> 0.6
A19: E016 | B19: Adreas Sanchez | C19: 1 | D19: 0 | E19: 0 | F19: 1 | G19: 1 | H19: =SUM(C19:G19) -> 3 | I19: =H19*$O$7 -> 15 | J19: =I19/$O$8 -> 0.6
A20: E017 | B20: Simon Arper | C20: 0 | D20: 1 | E20: 1 | F20: 1 | G20: 1 | H20: =SUM(C20:G20) -> 4 | I20: =H20*$O$7 -> 20 | J20: =I20/$O$8 -> 0.8
... A23: E020 | B23: Stefano Roi | C23: 1 | D23: 1 | E23: 0 | F23: 1 | G23: 1 | H23: =SUM(C23:G23) -> 4 | I23: =H23*$O$7 -> 20 | J23: =I23/$O$8 -> 0.8

Sheet Training summary
B2: TRAINING SUMMARY
A4: KPI | C4: Risultato
A5: Partecipanti | C5: =COUNTA('Training Attendance'!A4:A23) -> 20
A6: Ore totali del corso | C6: =I7*I8 -> 25 | G6: Parametro | I6: Valore
A7: Media ore frequentate | C7: =AVERAGE('Training Attendance'!I4:I23) -> 17.75 | G7: Numero incontri | I7: 5
A8: Presenze totali | C8: =SUM('Training Attendance'!H4:H23) -> 71 | G8: Ore per incontro | I8: 5
A9: Frequenza media | C9: =AVERAGE('Training Attendance'!J4:J23) -> 0.71
A10: Massima frequenza | C10: =MAX('Training Attendance'!J4:J23) -> 1
A11: Minima frequenza | C11: =MIN('Training Attendance'!J4:J23) -> 0.4
A14: PARTICIPANT STATUS TRACKER
A15: ID | B15: Partecipanti | C15: % Frequenza | D15: Stato
A16: E001 | B16: Marco Verte | C16: 0.6 | D16: Da monitorare
A17: E002 | B17: Luisa Sacchi | C17: 0.8 | D17: Attenzione
A18: E003 | B18: Enzo Fridano | C18: 0.8 | D18: Attenzione
A19: E004 | B19: Luigi Mancusi | C19: 1 | D19: Regolare
A20: E005 | B20: Sara Ginepri | C20: 0.6 | D20: Da monitorare
A21: E006 | B21: Carlo Botta | C21: 0.8 | D21: Attenzione
A22: E007 | B22: Franca Castelli | C22: 0.8 | D22: Attenzione
A23: E008 | B23: Miriam Marziano | C23: 1 | D23: Regolare
A24: E009 | B24: Anna Verzi | C24: 0.6 | D24: Da monitorare
A25: E010 | B25: Karim Koraini | C25: 0.6 | D25: Da monitorare
A26: E011 | B26: Alfredo Seppi | C26: 0.8 | D26: Attenzione
A27: E012 | B27: Gianni Marchion | C27: 0.8 | D27: Attenzione
... A35: E020 | B35: Stefano Roi | C35: 0.8 | D35: Attenzione
